Workbook

Sheet Сводная Таблица
A1: Неделя | B1: 23 | D1: 1.2
A3: Row Labels | B3: Sum of Товарооборот, руб | D3: Row Labels | E3: Товарооборот (руб) | F3: Товарооборот на склад (руб)
A4: Санкт-Петербург Север | B4: 0.44095612 | D4: 18 | E4: 836803032 | F4: 15050189
A5: Санкт-Петербург Юг | B5: 0.32866619 | D5: 19 | E5: 9.8391541e+08 | F5: 17810867
A6: Москва Запад | B6: 0.23037769 | D6: 20 | E6: 9.4726301e+08 | F6: 17504431
A7: Grand Total | B7: 1 | D7: 21 | E7: 1.0026919e+09 | F7: 18752595
D8: 22 | E8: 1.0556535e+09 | F8: 20458987
D9: 23 | E9: 1.3603238e+08 | F9: 2786041.4
D10: Grand Total | E10: 4.9623592e+09 | F10: 92363110
A12: Неделя | B12: 23
A14: Row Labels | B14: Sum of Товарооборот на склад
A15: Москва Восток | B15: 350262.86
A16: Москва Запад | B16: 329921.57
A17: Санкт-Петербург Север | B17: 302909.27
A18: Grand Total | B18: 983093.7

Sheet Лист1
A1: Дата | B1: Территория | C1: Товарооборот, шт | D1: Товарооборот, руб | E1: Количество складов | F1: Количество заказов | G1: Количество клиентов | H1: Товарооборот на склад | I1: Неделя | J1: ДатаТерритория
A2: 43982 | B2: Самара | C2: 7944 | D2: 623971.5 | E2: =VLOOKUP(J2,Лист2!$F:$I,2) -> 15 | F2: =VLOOKUP(J2,Лист2!$F:$I,3) -> 441 | G2: =VLOOKUP(J2,Лист2!$F:$I,4) -> 368 | H2: =D2/E2 -> 41598.1 | I2: =WEEKNUM(A2,2) -> 22 | J2: 43982Самара
A3: 43981 | B3: Самара | C3: 10029 | D3: 787101 | E3: =VLOOKUP(J3,Лист2!$F:$I,2) -> 15 | F3: =VLOOKUP(J3,Лист2!$F:$I,3) -> 490 | G3: =VLOOKUP(J3,Лист2!$F:$I,4) -> 409 | H3: =D3/E3 -> 52473.4 | I3: =WEEKNUM(A3,2) -> 22 | J3: 43981Самара
A4: 43979 | B4: Самара | C4: 8536.5 | D4: 643944 | E4: =VLOOKUP(J4,Лист2!$F:$I,2) -> 15 | F4: =VLOOKUP(J4,Лист2!$F:$I,3) -> 464 | G4: =VLOOKUP(J4,Лист2!$F:$I,4) -> 390 | H4: =D4/E4 -> 42929.6 | I4: =WEEKNUM(A4,2) -> 22 | J4: 43979Самара
A5: 43967 | B5: Кемерово | C5: 38947.5 | D5: 3395892 | E5: =VLOOKUP(J5,Лист2!$F:$I,2) -> 21 | F5: =VLOOKUP(J5,Лист2!$F:$I,3) -> 2145 | G5: =VLOOKUP(J5,Лист2!$F:$I,4) -> 1947 | H5: =D5/E5 -> 161709.14 | I5: =WEEKNUM(A5,2) -> 20 | J5: 43967Кемерово
A6: 43970 | B6: Кемерово | C6: 31842 | D6: 2771116.5 | E6: =VLOOKUP(J6,Лист2!$F:$I,2) -> 21 | F6: =VLOOKUP(J6,Лист2!$F:$I,3) -> 1860 | G6: =VLOOKUP(J6,Лист2!$F:$I,4) -> 1704 | H6: =D6/E6 -> 131957.93 | I6: =WEEKNUM(A6,2) -> 21 | J6: 43970Кемерово
A7: 43968 | B7: Кемерово | C7: 32023.5 | D7: 2882458.5 | E7: =VLOOKUP(J7,Лист2!$F:$I,2) -> 21 | F7: =VLOOKUP(J7,Лист2!$F:$I,3) -> 1874 | G7: =VLOOKUP(J7,Лист2!$F:$I,4) -> 1705 | H7: =D7/E7 -> 137259.93 | I7: =WEEKNUM(A7,2) -> 20 | J7: 43968Кемерово
A8: 43960 | B8: Кемерово | C8: 31147.5 | D8: 2831019 | E8: =VLOOKUP(J8,Лист2!$F:$I,2) -> 21 | F8: =VLOOKUP(J8,Лист2!$F:$I,3) -> 1735 | G8: =VLOOKUP(J8,Лист2!$F:$I,4) -> 1568 | H8: =D8/E8 -> 134810.43 | I8: =WEEKNUM(A8,2) -> 19 | J8: 43960Кемерово
A9: 43955 | B9: Кемерово | C9: 25566 | D9: 2372310 | E9: =VLOOKUP(J9,Лист2!$F:$I,2) -> 20 | F9: =VLOOKUP(J9,Лист2!$F:$I,3) -> 1519 | G9: =VLOOKUP(J9,Лист2!$F:$I,4) -> 1372 | H9: =D9/E9 -> 118615.5 | I9: =WEEKNUM(A9,2) -> 19 | J9: 43955Кемерово
A10: 43950 | B10: Кемерово | C10: 29319 | D10: 2623480.5 | E10: =VLOOKUP(J10,Лист2!$F:$I,2) -> 18 | F10: =VLOOKUP(J10,Лист2!$F:$I,3) -> 1684 | G10: =VLOOKUP(J10,Лист2!$F:$I,4) -> 1528 | H10: =D10/E10 -> 145748.92 | I10: =WEEKNUM(A10,2) -> 18 | J10: 43950Кемерово
A11: 43953 | B11: Кемерово | C11: 29031 | D11: 2711247 | E11: =VLOOKUP(J11,Лист2!$F:$I,2) -> 18 | F11: =VLOOKUP(J11,Лист2!$F:$I,3) -> 1708 | G11: =VLOOKUP(J11,Лист2!$F:$I,4) -> 1534 | H11: =D11/E11 -> 150624.83 | I11: =WEEKNUM(A11,2) -> 18 | J11: 43953Кемерово
A12: 43977 | B12: Кемерово | C12: 33423 | D12: 2970330 | E12: =VLOOKUP(J12,Лист2!$F:$I,2) -> 20 | F12: =VLOOKUP(J12,Лист2!$F:$I,3) -> 2044 | G12: =VLOOKUP(J12,Лист2!$F:$I,4) -> 1863 | H12: =D12/E12 -> 148516.5 | I12: =WEEKNUM(A12,2) -> 22 | J12: 43977Кемерово
A13: 43952 | B13: Кемерово | C13: 32487 | D13: 3031254 | E13: =VLOOKUP(J13,Лист2!$F:$I,2) -> 18 | F13: =VLOOKUP(J13,Лист2!$F:$I,3) -> 1826 | G13: =VLOOKUP(J13,Лист2!$F:$I,4) -> 1633 | H13: =D13/E13 -> 168403 | I13: =WEEKNUM(A13,2) -> 18 | J13: 43952Кемерово
... A505: 43983 | B505: Новосибирск | C505: 14238 | D505: 1293219 | E505: =VLOOKUP(J505,Лист2!$F:$I,2) -> 18 | F505: =VLOOKUP(J505,Лист2!$F:$I,3) -> 923 | G505: =VLOOKUP(J505,Лист2!$F:$I,4) -> 824 | H505: =D505/E505 -> 71845.5 | I505: =WEEKNUM(A505,2) -> 23 | J505: 43983Новосибирск

Sheet Лист2
A1: Дата | B1: Территория | C1: Количество складов | D1: Количество заказов | E1: Количество клиентов | F1: ДатаТерритория | G1: Количество складов | H1: Количество заказов | I1: Количество клиентов
A2: 43949 | B2: Волгоград | C2: 36 | D2: 4923 | E2: 4560 | F2: 43949Волгоград | G2: 36 | H2: 4923 | I2: 4560
A3: 43949 | B3: Екатеринбург | C3: 31 | D3: 5465 | E3: 5096 | F3: 43949Екатеринбург | G3: 31 | H3: 5465 | I3: 5096
A4: 43949 | B4: Казань | C4: 19 | D4: 1846 | E4: 1681 | F4: 43949Казань | G4: 19 | H4: 1846 | I4: 1681
A5: 43949 | B5: Кемерово | C5: 18 | D5: 1539 | E5: 1404 | F5: 43949Кемерово | G5: 18 | H5: 1539 | I5: 1404
A6: 43949 | B6: Краснодар | C6: 18 | D6: 1505 | E6: 1368 | F6: 43949Краснодар | G6: 18 | H6: 1505 | I6: 1368
A7: 43949 | B7: Москва Восток | C7: 54 | D7: 12306 | E7: 11532 | F7: 43949Москва Восток | G7: 54 | H7: 12306 | I7: 11532
A8: 43949 | B8: Москва Запад | C8: 59 | D8: 12943 | E8: 12072 | F8: 43949Москва Запад | G8: 59 | H8: 12943 | I8: 12072
A9: 43949 | B9: Нижний Новгород | C9: 17 | D9: 1439 | E9: 1265 | F9: 43949Нижний Новгород | G9: 17 | H9: 1439 | I9: 1265
A10: 43949 | B10: Новосибирск | C10: 15 | D10: 636 | E10: 547 | F10: 43949Новосибирск | G10: 15 | H10: 636 | I10: 547
A11: 43949 | B11: Пермь | C11: 15 | D11: 780 | E11: 690 | F11: 43949Пермь | G11: 15 | H11: 780 | I11: 690
A12: 43949 | B12: Санкт-Петербург Север | C12: 125 | D12: 20914 | E12: 19479 | F12: 43949Санкт-Петербург Север | G12: 125 | H12: 20914 | I12: 19479
A13: 43949 | B13: Санкт-Петербург Юг | C13: 128 | D13: 16450 | E13: 15320 | F13: 43949Санкт-Петербург Юг | G13: 128 | H13: 16450 | I13: 15320
... A505: 43983 | B505: Уфа | C505: 6 | D505: 237 | E505: 175 | F505: 43983Уфа | G505: 6 | H505: 237 | I505: 175
